Bonobo	Bonobo	british	9.77
Amon+Tobin	Amon Tobin	brazilian	7.71
The+Chemical+Brothers	The Chemical Brothers	british	7.61
Bëlga	Bëlga	hungarian	7.19
Tosca	Tosca	austrian	5.02
Modeselektor	Modeselektor	german	4.61
ZsuKov	ZsuKov	unknown	3.01
The+Prodigy	The Prodigy	british	2.89
Mr.+Oizo	Mr. Oizo	french	2.85
Mr.+Scruff	Mr. Scruff	british	2.58
Yonderboi	Yonderboi	hungarian	2.53
Boards+of+Canada	Boards of Canada	scottish	2.48
Žagar	Žagar	hungarian	2.22
Ellen+Allien+%2526+Apparat	Ellen Allien & Apparat	german	1.92
Quantic	Quantic	british	1.77
Blockhead	Blockhead	american	1.74
Fatboy+Slim	Fatboy Slim	british	1.7
RJD2	RJD2	american	1.6
Apparat	Apparat	german	1.52
Deltron+3030	Deltron 3030	american	1.48
Pendulum	Pendulum	australian	1.47
Skalpel	Skalpel	polish	1.24
Gorillaz	Gorillaz	british	1.22
DJ+Bootsie	DJ Bootsie	hungarian	1.18
Realistic+Crew	Realistic Crew	hungarian	1.17
Aphex+Twin	Aphex Twin	british	1.11
Kaukázus	Kaukázus	hungarian	1.09
Future+Prophecies	Future Prophecies	norwegian	1.07
Cut+Chemist	Cut Chemist	american	1.03
DJ+Krush	DJ Krush	japanese	0.98
Thievery+Corporation	Thievery Corporation	american	0.94
Fink	Fink	german	0.92
Amorf+Ördögök	Amorf Ördögök	hungarian	0.92
Datarock	Datarock	norwegian	0.91
Hooverphonic	Hooverphonic	belgian	0.89
Sean+Callery	Sean Callery	swedish	0.88
The+Knife	The Knife	swedish	0.87
Kruder+%2526+Dorfmeister	Kruder & Dorfmeister	austrian	0.86
dZihan+%2526+Kamien	dZihan & Kamien	austrian	0.85
Ocean's+Eleven	Ocean's Eleven	unknown	0.85
y0tz	y0tz	unknown	0.82
Moby	Moby	american	0.81
Primal+Scream	Primal Scream	british	0.77
Limewax	Limewax	ukrainian	0.76
The+Herbaliser	The Herbaliser	british	0.72
The+Hives	The Hives	swedish	0.72
Frank+Klepacki	Frank Klepacki	american	0.72
Hans+Zimmer	Hans Zimmer	german	0.69
Linkin+Park	Linkin Park	american	0.69
Coldplay	Coldplay	british	0.65
